{"_runtime":0.75904521,"_step":99,"_wandb":{"runtime":0},"test_loss":198,"global_step":99,"_timestamp":1.7453920792683175e+09}